loc_id,town,list,rank,site_addr,owner,use_desc,sqft,annual_savings_usd,candidate_occupant,candidate_source,evidence,status,reviewer,reviewer_note
F_747923_2707220,Fall River,comstock,1,181 MARIANO BISHOP BLV,FALL RIVER SHOPPING CENTER NORTH LLC,Shopping Centers / Malls,241575.0,31440.0,,,,pending,,
F_749739_2705689,Fall River,comstock,2,550 WM S CANNING BLV,CEA SOUTHCOAST LLC,Commercial Condo,315368.0,31440.0,,,,pending,,
F_750182_2722682,Fall River,comstock,3,1082 DAVOL ST,MECHANICS MILL ONE LLC,Commercial Condo,123183.0,31278.0,,,,pending,,
F_759553_2734602,Fall River,comstock,4,4077 NO MAIN ST,"FALL RIVER R K, LLC",Shopping Centers / Malls,106155.0,30546.0,,,,pending,,
F_757373_2721827,Fall River,comstock,5,367 RAY ST,FALL RIVER CITY OF,"Improved, Education (Municipal or County)",673752.0,28123.0,,,,pending,,
F_758173_2720500,Fall River,comstock,6,1708 PRESIDENT AVE,PRESIDENT AVE PLAZA INC,Shopping Centers / Malls,84965.0,27160.0,,,,pending,,
F_584819_2928158,Worcester,comstock,2,385 PLANTATION ST,WORCESTER CITY CAMPUS CORP,DCAM State Office Buildings,491632.0,24162.0,,,,pending,,
F_561233_2910066,Worcester,comstock,4,70 JAMES ST,M + I REALTY INC,Shopping Centers / Malls,203402.0,23077.0,,,,pending,,
F_576161_2927640,Worcester,modeled,2,40 CRESCENT ST,40-88 CRESCENT STREET INDUSTRIAL LLC,Auto Repair Facilities,248768.0,22991.0,,,,pending,,
F_759886_2724191,Fall River,modeled,1,777 ELSBREE ST,COMMONWEALTH OF MASS,"DOE: UMass, State and Community Colleges",474519.0,22698.0,,,,pending,,
F_575017_2922610,Worcester,comstock,5,225 MAIN ST,COMM OF MASS CAPITAL ASSET MNG,DCAM State Office Buildings,381890.0,22106.0,,,,pending,,
F_754351_2713976,Fall River,comstock,7,933 PLEASANT ST,LINEAR RETAIL FALL RIVER#1 LLC,Shopping Centers / Malls,63491.0,21650.0,,,,pending,,
F_751846_2721791,Fall River,comstock,8,1135 NO MAIN ST,FALL RIVER CITY OF,"Improved, Education (Municipal or County)",274117.0,21008.0,,,,pending,,
F_575129_2920980,Worcester,comstock,7,90 FRONT ST,FRONT STREET ASSOCIATES LLC,General Office Buildings,328517.0,20787.0,,,,pending,,
F_581330_2932771,Worcester,comstock,8,490 LINCOLN ST,"COUNTRY CLUB PLAZA ASSOC,LLC",Shopping Centers / Malls,170271.0,20490.0,,,,pending,,
F_752897_2719458,Fall River,comstock,9,275-363 HIGHLAND AVE,CHARLTON MEMORIAL HOSPITAL INC,Hospitals (Charitable Org),699220.0,20424.0,,,,pending,,
F_574072_2921923,Worcester,comstock,9,18 CHESTNUT ST,CHESTNUT STREET PROPERTIES LLC,General Office Buildings,299204.0,20047.0,,,,pending,,
F_574158_2921059,Worcester,comstock,10,446 MAIN ST,446 MAIN STREET OWNER LLC,General Office Buildings,298149.0,20020.0,,,,pending,,
F_748555_2708171,Fall River,comstock,10,340 310 RHODE ISLAND AVE,LYKOS PROPERTIES LLC,Shopping Centers / Malls,57079.0,19980.0,,,,pending,,
F_575136_2920883,Worcester,comstock,11,100 FRONT ST,FRONT STREET ASSOCIATES LLC,General Office Buildings,292314.0,19869.0,,,,pending,,
F_758750_2715806,Fall River,comstock,11,251 STONEHAVEN RD,GREATER FALL RIVER VOCATIONAL SCHOOL,"Improved, Education (Municipal or County)",225399.0,19597.0,,,,pending,,
F_575114_2930734,Worcester,comstock,12,67 MILLBROOK ST,WORCESTER BUSINESS CENTER LLC,General Office Buildings,281130.0,19574.0,,,,pending,,
F_703295_3049163,Lowell,comstock,1,900 T-1 CHELMSFORD ST,CH LH CROSSPOINT OWNER LLC,Office Building part of manufacturing operation,522920.0,19451.0,,,,pending,,
F_708293_3058630,Lowell,comstock,2,55 CHURCH ST,ZHANG ZI QIAN,Shopping Centers / Malls,110788.0,19375.0,,,,pending,,
F_707165_3060899,Lowell,comstock,3,38 KIRK ST,CITY OF LOWELL,Lowell Public Schools (commercial building),300336.0,19340.0,,,,pending,,
F_580990_2926171,Worcester,comstock,13,1 OFFICER MANNY FAMILIA WAY,CITY OF WORCESTER PUBLIC SCHOOLS,"Improved, Education (Municipal or County)",391604.0,19143.0,,,,pending,,
F_748969_2707918,Fall River,comstock,12,388 RHODE ISLAND AVE,LYKOS PROPERTIES LLC,Shopping Centers / Malls,51892.0,18623.0,,,,pending,,
F_743433_2713236,Fall River,comstock,13,52 GLOBE MILLS AVE,FALL RIVER CITY OF,"Improved, Education (Municipal or County)",186532.0,18003.0,,,,pending,,
F_747967_2713133,Fall River,comstock,14,795 MIDDLE ST,LIFESPAN OF MASSACHUSETTS-FALL RIVER INC,Hospitals (Charitable Org),453997.0,17950.0,,,,pending,,
F_693867_3058988,Lowell,comstock,4,677 PAWTUCKET BLVD,DSM REALTY INC,Shopping Centers / Malls,95729.0,17921.0,,,,pending,,
F_754941_2716509,Fall River,comstock,15,160 WALL ST,FALL RIVER CITY OF,"Improved, Education (Municipal or County)",182964.0,17830.0,,,,pending,,
F_765080_2738182,Fall River,modeled,2,1180 INNOVATION WAY,LIT FALL RIVER LLC,Warehouses for storage of manufactured products,1226340.0,17804.0,,,,pending,,
F_709337_3067314,Lowell,comstock,5,1201 BRIDGE ST,VALLEY MB LLC,Shopping Centers / Malls,93925.0,17743.0,,,,pending,,
F_574366_2921680,Worcester,comstock,14,370 MAIN ST,370 MAIN STREET GBB LLC,General Office Buildings,210388.0,17577.0,,,,pending,,
F_753135_2714985,Fall River,comstock,16,657 PLEASANT ST,S&C REALTY INVESTMENT CO LLC,Shopping Centers / Malls,27929.0,17573.0,,,,pending,,
F_575597_2921080,Worcester,comstock,15,1 MERCANTILE ST,ONEMERC LLC,General Office Buildings,209042.0,17530.0,,,,pending,,
F_575068_2920558,Worcester,comstock,16,120 FRONT ST,120 MERCANTILE CENTER LLC,General Office Buildings,208810.0,17522.0,,,,pending,,
F_749260_2715031,Fall River,comstock,17,372 SO MAIN ST,GROUP MANUEL LLC,Commercial Condo,27448.0,17384.0,,,,pending,,
F_755587_2709767,Fall River,comstock,18,21 FR DEVALLES BLV,CLOVER LEAF MILLS,General Office Buildings,277448.0,17161.0,,,,pending,,
F_578336_2933476,Worcester,comstock,17,135 BURNCOAT ST,CITY OF WORCESTER PUBLIC SCHOOLS,"Improved, Education (Municipal or County)",286833.0,17107.0,,,,pending,,
F_706833_3061439,Lowell,comstock,6,47 FATHER MORISSETTE BLVD,CITY OF LOWELL,City of Lowell (commercial building),372920.0,16775.0,,,,pending,,
F_750604_2721608,Fall River,comstock,19,101 PRESIDENT AVE,FRANK J MARCHIONE TRUSTEE OF CATAHOULA REALTY TRUS,Shopping Centers / Malls,44686.0,16722.0,,,,pending,,
F_707187_3059734,Lowell,comstock,7,86 MARKET ST,CITY OF LOWELL,City of Lowell (commercial building),366098.0,16647.0,,,,pending,,
F_716619_3054867,Lowell,comstock,8,802 ROGERS ST,VALLEY PROPERTIES INC,Shopping Centers / Malls,82741.0,16605.0,,,,pending,,
F_744495_2710734,Fall River,comstock,20,525 SLADE ST,FALL RIVER CITY OF,"Improved, Education (Municipal or County)",158608.0,16591.0,,,,pending,,
F_576375_2919498,Worcester,comstock,18,70 WINTER ST,MARC RESNICK TRUSTEE,Eating and Drinking Establishments,101515.0,16585.0,,,,pending,,
F_699770_3058390,Lowell,modeled,1,900 BROADWAY ST,COMMONWEALTH OF MASSACHUSETTS,"DOE: UMass, State and Community Colleges (commercial building)",311310.0,16321.0,,,,pending,,
